時間,設備,值
2024-10-19 10:17:20,SA-43/LED_LEVEL,2
2024-10-19 10:17:25,SA-43/LED_LEVEL,1
2024-10-19 10:17:26,SA-43/LED_LEVEL,0
2024-10-19 10:17:26,SA-43/LED_LEVEL,1
2024-10-19 10:17:27,SA-43/LED_LEVEL,2
2024-10-19 11:54:15,SA-43/LED_LEVEL,2
2024-10-19 11:54:19,SA-43/LED_LEVEL,4
2024-10-19 13:57:01,SA-43/LED_LEVEL,4
2024-10-19 14:15:47,SA-43/TEMPERATURE,29.39
2024-10-19 14:15:47,SA-43/LED_LEVEL,4
2024-10-19 14:15:49,SA-43/TEMPERATURE,28.92
2024-10-19 14:15:50,SA-43/LED_LEVEL,3
2024-10-19 14:15:51,SA-43/TEMPERATURE,29.39
2024-10-19 14:15:51,SA-43/LED_LEVEL,2
2024-10-19 14:15:52,SA-43/LED_LEVEL,4
2024-10-19 14:15:53,SA-43/TEMPERATURE,29.85
2024-10-19 14:15:53,SA-43/LED_LEVEL,5
2024-10-19 14:15:55,SA-43/TEMPERATURE,29.39
2024-10-19 14:15:56,SA-43/LED_LEVEL,3
2024-10-19 14:15:56,SA-43/LED_LEVEL,2
2024-10-19 14:15:57,SA-43/LED_LEVEL,4
2024-10-19 14:15:58,SA-43/LED_LEVEL,2
2024-10-19 14:15:59,SA-43/TEMPERATURE,28.92
2024-10-19 14:15:59,SA-43/LED_LEVEL,1
2024-10-19 14:16:00,SA-43/LED_LEVEL,2
2024-10-19 14:16:01,SA-43/TEMPERATURE,29.39
2024-10-19 14:16:03,SA-43/TEMPERATURE,28.92
2024-10-19 14:16:05,SA-43/TEMPERATURE,29.39
2024-10-19 14:16:07,SA-43/TEMPERATURE,29.85
2024-10-19 14:16:09,SA-43/TEMPERATURE,29.39
2024-10-19 14:16:11,SA-43/TEMPERATURE,29.85
2024-10-19 14:16:13,SA-43/TEMPERATURE,29.39
2024-10-19 14:16:17,SA-43/TEMPERATURE,29.85
2024-10-19 14:16:23,SA-43/TEMPERATURE,29.39
2024-10-19 14:16:35,SA-43/LED_LEVEL,2
2024-10-19 14:16:37,SA-43/TEMPERATURE,29.85
2024-10-19 14:16:39,SA-43/TEMPERATURE,29.39
2024-10-19 14:16:41,SA-43/TEMPERATURE,29.85
2024-10-19 14:16:45,SA-43/TEMPERATURE,28.92
2024-10-19 14:16:47,SA-43/TEMPERATURE,29.39
2024-10-19 14:16:51,SA-43/TEMPERATURE,28.92
2024-10-19 14:16:53,SA-43/TEMPERATURE,29.39
2024-10-19 14:17:01,SA-43/TEMPERATURE,28.92
2024-10-19 14:17:03,SA-43/TEMPERATURE,29.39
2024-10-19 14:17:07,SA-43/TEMPERATURE,29.85
2024-10-19 14:17:09,SA-43/TEMPERATURE,28.92
2024-10-19 14:17:11,SA-43/TEMPERATURE,29.85
2024-10-19 14:17:13,SA-43/TEMPERATURE,29.39
2024-10-19 14:17:15,SA-43/TEMPERATURE,29.85
2024-10-19 14:17:17,SA-43/TEMPERATURE,28.92
2024-10-19 14:17:19,SA-43/TEMPERATURE,29.39
2024-10-19 14:17:23,SA-43/TEMPERATURE,28.92
2024-10-19 14:17:31,SA-43/TEMPERATURE,29.39
2024-10-19 14:17:37,SA-43/TEMPERATURE,29.85
2024-10-19 14:17:41,SA-43/TEMPERATURE,29.39
2024-10-19 14:17:43,SA-43/TEMPERATURE,29.85
2024-10-19 14:17:45,SA-43/TEMPERATURE,29.39
2024-10-19 14:17:51,SA-43/TEMPERATURE,28.92
2024-10-19 14:17:53,SA-43/TEMPERATURE,29.39
2024-10-19 14:18:01,SA-43/TEMPERATURE,28.92
2024-10-19 14:18:03,SA-43/TEMPERATURE,29.39
2024-10-19 14:18:07,SA-43/TEMPERATURE,29.85
2024-10-19 14:18:09,SA-43/TEMPERATURE,29.39
2024-10-19 14:18:17,SA-43/TEMPERATURE,29.85
2024-10-19 14:18:19,SA-43/TEMPERATURE,28.92
2024-10-19 14:18:21,SA-43/TEMPERATURE,29.85
2024-10-19 14:18:23,SA-43/TEMPERATURE,29.39
2024-10-19 14:18:29,SA-43/TEMPERATURE,29.85
2024-10-19 14:18:31,SA-43/TEMPERATURE,29.39
2024-10-19 14:18:37,SA-43/TEMPERATURE,29.85
2024-10-19 14:18:45,SA-43/TEMPERATURE,29.39
2024-10-19 14:18:51,SA-43/TEMPERATURE,29.85
2024-10-19 14:18:53,SA-43/TEMPERATURE,28.92
2024-10-19 14:18:55,SA-43/TEMPERATURE,29.39
2024-10-19 14:19:01,SA-43/TEMPERATURE,29.85
2024-10-19 14:19:03,SA-43/TEMPERATURE,29.39
2024-10-19 14:19:05,SA-43/TEMPERATURE,28.92
2024-10-19 14:19:07,SA-43/TEMPERATURE,29.39
2024-10-19 14:19:11,SA-43/TEMPERATURE,28.92
2024-10-19 14:19:17,SA-43/TEMPERATURE,29.39
2024-10-19 14:19:27,SA-43/TEMPERATURE,28.92
2024-10-19 14:19:31,SA-43/TEMPERATURE,29.39
2024-10-19 14:19:33,SA-43/TEMPERATURE,28.92
2024-10-19 14:19:37,SA-43/TEMPERATURE,29.85
2024-10-19 14:19:39,SA-43/TEMPERATURE,29.39
2024-10-19 14:19:43,SA-43/TEMPERATURE,29.85
2024-10-19 14:19:45,SA-43/TEMPERATURE,28.92
2024-10-19 14:19:47,SA-43/TEMPERATURE,29.39
2024-10-19 14:19:49,SA-43/TEMPERATURE,29.85
2024-10-19 14:19:51,SA-43/TEMPERATURE,29.39
2024-10-19 14:19:55,SA-43/TEMPERATURE,29.85
2024-10-19 14:20:05,SA-43/TEMPERATURE,29.39
2024-10-19 14:20:07,SA-43/TEMPERATURE,28.92
2024-10-19 14:20:09,SA-43/TEMPERATURE,29.39
2024-10-19 14:20:11,SA-43/TEMPERATURE,29.85
2024-10-19 14:20:13,SA-43/TEMPERATURE,29.39
2024-10-19 14:20:15,SA-43/TEMPERATURE,29.85
2024-10-19 14:20:17,SA-43/TEMPERATURE,28.92
2024-10-19 14:20:21,SA-43/TEMPERATURE,29.85
2024-10-19 14:20:23,SA-43/TEMPERATURE,29.39
2024-10-19 14:20:25,SA-43/TEMPERATURE,29.85
2024-10-19 14:20:27,SA-43/TEMPERATURE,29.39
2024-10-19 14:20:35,SA-43/TEMPERATURE,29.85
2024-10-19 14:20:39,SA-43/TEMPERATURE,29.39
2024-10-19 14:20:45,SA-43/TEMPERATURE,28.92
2024-10-19 14:20:47,SA-43/TEMPERATURE,29.39
2024-10-19 14:20:49,SA-43/TEMPERATURE,29.85
2024-10-19 14:20:53,SA-43/TEMPERATURE,28.92
2024-10-19 14:20:55,SA-43/TEMPERATURE,29.39
2024-10-19 14:20:57,SA-43/TEMPERATURE,28.92
2024-10-19 14:20:59,SA-43/TEMPERATURE,29.39
2024-10-19 14:21:03,SA-43/TEMPERATURE,28.92
2024-10-19 14:21:05,SA-43/TEMPERATURE,29.85
2024-10-19 14:21:07,SA-43/TEMPERATURE,29.39
2024-10-19 14:21:15,SA-43/TEMPERATURE,28.92
2024-10-19 14:21:21,SA-43/TEMPERATURE,29.39
2024-10-19 14:21:25,SA-43/TEMPERATURE,29.85
2024-10-19 14:21:31,SA-43/TEMPERATURE,28.92
2024-10-19 14:21:35,SA-43/TEMPERATURE,29.39
2024-10-19 14:21:37,SA-43/TEMPERATURE,29.85
2024-10-19 14:21:39,SA-43/TEMPERATURE,29.39
2024-10-19 14:21:41,SA-43/TEMPERATURE,28.92
2024-10-19 14:21:43,SA-43/TEMPERATURE,29.85
2024-10-19 14:21:45,SA-43/TEMPERATURE,29.39
2024-10-19 14:21:47,SA-43/TEMPERATURE,28.92
2024-10-19 14:21:49,SA-43/TEMPERATURE,29.85
2024-10-19 14:21:51,SA-43/TEMPERATURE,28.92
2024-10-19 14:21:53,SA-43/TEMPERATURE,29.39
2024-10-19 14:21:57,SA-43/TEMPERATURE,28.92
2024-10-19 14:21:59,SA-43/TEMPERATURE,29.85
2024-10-19 14:22:01,SA-43/TEMPERATURE,29.39
2024-10-19 14:22:03,SA-43/TEMPERATURE,29.85
2024-10-19 14:22:05,SA-43/TEMPERATURE,28.92
2024-10-19 14:22:07,SA-43/TEMPERATURE,29.85
2024-10-19 14:22:09,SA-43/TEMPERATURE,29.39
2024-10-19 14:22:15,SA-43/TEMPERATURE,29.85
2024-10-19 14:22:17,SA-43/TEMPERATURE,29.39
2024-10-19 14:22:21,SA-43/TEMPERATURE,29.85
2024-10-19 14:22:25,SA-43/TEMPERATURE,28.92
2024-10-19 14:22:27,SA-43/TEMPERATURE,29.39
2024-10-19 14:22:29,SA-43/TEMPERATURE,29.85
2024-10-19 14:22:35,SA-43/TEMPERATURE,29.39
2024-10-19 14:22:37,SA-43/TEMPERATURE,29.85
2024-10-19 14:23:13,SA-43/TEMPERATURE,29.39
2024-10-19 14:23:15,SA-43/TEMPERATURE,29.85
2024-10-19 14:23:17,SA-43/TEMPERATURE,29.39
2024-10-19 14:23:19,SA-43/TEMPERATURE,29.85
2024-10-19 14:23:25,SA-43/TEMPERATURE,29.39
2024-10-19 14:23:29,SA-43/TEMPERATURE,29.85
2024-10-19 14:23:57,SA-43/TEMPERATURE,29.39
2024-10-19 14:24:03,SA-43/TEMPERATURE,29.85
2024-10-19 14:24:07,SA-43/TEMPERATURE,28.92
2024-10-19 14:24:09,SA-43/TEMPERATURE,29.85
2024-10-19 14:24:23,SA-43/TEMPERATURE,29.39
2024-10-19 14:24:25,SA-43/TEMPERATURE,29.85
2024-10-19 14:24:33,SA-43/TEMPERATURE,28.92
2024-10-19 14:24:35,SA-43/TEMPERATURE,29.85
2024-10-19 14:24:39,SA-43/TEMPERATURE,29.39
2024-10-19 14:24:43,SA-43/TEMPERATURE,29.85
2024-10-19 14:24:47,SA-43/TEMPERATURE,29.39
2024-10-19 14:24:51,SA-43/TEMPERATURE,29.85
2024-10-19 14:25:09,SA-43/TEMPERATURE,29.39
2024-10-19 14:25:17,SA-43/TEMPERATURE,29.85
2024-10-19 14:25:31,SA-43/TEMPERATURE,28.92
2024-10-19 14:25:33,SA-43/TEMPERATURE,29.39
2024-10-19 14:25:35,SA-43/TEMPERATURE,29.85
2024-10-19 14:25:41,SA-43/TEMPERATURE,29.39
2024-10-19 14:25:43,SA-43/TEMPERATURE,29.85
2024-10-19 14:25:45,SA-43/TEMPERATURE,29.39
2024-10-19 14:25:47,SA-43/TEMPERATURE,29.85
2024-10-19 14:26:33,SA-43/TEMPERATURE,29.39
2024-10-19 14:26:35,SA-43/TEMPERATURE,29.85
2024-10-19 14:26:57,SA-43/TEMPERATURE,29.39
2024-10-19 14:26:59,SA-43/TEMPERATURE,29.85
2024-10-19 14:27:03,SA-43/TEMPERATURE,29.39
2024-10-19 14:27:05,SA-43/TEMPERATURE,29.85
2024-10-19 14:27:15,SA-43/TEMPERATURE,29.39
2024-10-19 14:27:17,SA-43/TEMPERATURE,29.85
2024-10-19 14:27:49,SA-43/TEMPERATURE,29.39
2024-10-19 14:27:55,SA-43/TEMPERATURE,29.85
2024-10-19 14:28:01,SA-43/TEMPERATURE,29.39
2024-10-19 14:28:03,SA-43/TEMPERATURE,29.85
2024-10-19 14:28:11,SA-43/TEMPERATURE,29.39
2024-10-19 14:28:13,SA-43/TEMPERATURE,29.85
2024-10-19 14:28:35,SA-43/TEMPERATURE,28.92
2024-10-19 14:28:37,SA-43/TEMPERATURE,29.85
2024-10-19 14:28:39,SA-43/TEMPERATURE,29.39
2024-10-19 14:28:41,SA-43/TEMPERATURE,29.85
2024-10-19 14:29:03,SA-43/TEMPERATURE,29.39
2024-10-19 14:29:07,SA-43/TEMPERATURE,29.85
2024-10-19 14:29:13,SA-43/TEMPERATURE,28.92
2024-10-19 14:29:15,SA-43/TEMPERATURE,29.85
2024-10-19 14:29:17,SA-43/TEMPERATURE,29.39
2024-10-19 14:29:19,SA-43/TEMPERATURE,29.85
2024-10-19 14:29:23,SA-43/TEMPERATURE,28.92
2024-10-19 14:29:25,SA-43/TEMPERATURE,29.39
2024-10-19 14:29:27,SA-43/TEMPERATURE,29.85
2024-10-19 14:29:33,SA-43/TEMPERATURE,29.39
2024-10-19 14:29:35,SA-43/TEMPERATURE,29.85
2024-10-19 14:30:07,SA-43/TEMPERATURE,29.39
2024-10-19 14:30:09,SA-43/TEMPERATURE,29.85
2024-10-19 14:30:13,SA-43/TEMPERATURE,29.39
2024-10-19 14:30:15,SA-43/TEMPERATURE,29.85
2024-10-19 14:30:37,SA-43/TEMPERATURE,28.92
2024-10-19 14:30:39,SA-43/TEMPERATURE,29.85
2024-10-19 14:30:41,SA-43/TEMPERATURE,29.39
2024-10-19 14:30:43,SA-43/TEMPERATURE,29.85
2024-10-19 14:30:57,SA-43/TEMPERATURE,28.92
2024-10-19 14:30:59,SA-43/TEMPERATURE,29.85
2024-10-19 14:31:15,SA-43/TEMPERATURE,29.39
2024-10-19 14:31:17,SA-43/TEMPERATURE,29.85
2024-10-19 14:31:19,SA-43/TEMPERATURE,28.92
2024-10-19 14:31:21,SA-43/TEMPERATURE,29.85
2024-10-19 14:31:23,SA-43/TEMPERATURE,29.39
2024-10-19 14:31:27,SA-43/TEMPERATURE,29.85
2024-10-19 14:31:31,SA-43/TEMPERATURE,28.92
2024-10-19 14:31:33,SA-43/TEMPERATURE,29.85
2024-10-19 14:31:53,SA-43/TEMPERATURE,29.39
2024-10-19 14:31:55,SA-43/TEMPERATURE,29.85
2024-10-19 14:32:21,SA-43/TEMPERATURE,29.39
2024-10-19 14:32:23,SA-43/TEMPERATURE,29.85
2024-10-19 14:32:33,SA-43/TEMPERATURE,28.92
2024-10-19 14:32:35,SA-43/TEMPERATURE,29.85
2024-10-19 14:32:45,SA-43/TEMPERATURE,29.39
2024-10-19 14:32:47,SA-43/TEMPERATURE,29.85
2024-10-19 14:32:51,SA-43/TEMPERATURE,29.39
2024-10-19 14:32:53,SA-43/TEMPERATURE,29.85
2024-10-19 14:32:57,SA-43/TEMPERATURE,29.39
2024-10-19 14:32:59,SA-43/TEMPERATURE,29.85
2024-10-19 14:33:05,SA-43/TEMPERATURE,29.39
2024-10-19 14:33:07,SA-43/TEMPERATURE,29.85
2024-10-19 14:33:09,SA-43/TEMPERATURE,28.92
2024-10-19 14:33:11,SA-43/TEMPERATURE,29.39
2024-10-19 14:33:13,SA-43/TEMPERATURE,29.85
2024-10-19 14:33:15,SA-43/TEMPERATURE,28.92
2024-10-19 14:33:17,SA-43/TEMPERATURE,29.85
2024-10-19 14:33:19,SA-43/TEMPERATURE,29.39
2024-10-19 14:33:21,SA-43/TEMPERATURE,29.85
2024-10-19 14:33:29,SA-43/TEMPERATURE,29.39
2024-10-19 14:33:31,SA-43/TEMPERATURE,29.85
2024-10-19 14:33:37,SA-43/TEMPERATURE,29.39
2024-10-19 14:33:39,SA-43/TEMPERATURE,29.85
2024-10-19 14:33:45,SA-43/TEMPERATURE,29.39
2024-10-19 14:33:47,SA-43/TEMPERATURE,28.92
2024-10-19 14:33:49,SA-43/TEMPERATURE,29.85
2024-10-19 14:33:55,SA-43/TEMPERATURE,29.39
2024-10-19 14:33:59,SA-43/TEMPERATURE,29.85
2024-10-19 14:34:01,SA-43/TEMPERATURE,29.39
2024-10-19 14:34:03,SA-43/TEMPERATURE,29.85
2024-10-19 14:34:27,SA-43/TEMPERATURE,29.39
2024-10-19 14:34:29,SA-43/TEMPERATURE,29.85
2024-10-19 14:34:31,SA-43/TEMPERATURE,29.39
2024-10-19 14:34:33,SA-43/TEMPERATURE,29.85
2024-10-19 14:34:41,SA-43/TEMPERATURE,29.39
2024-10-19 14:34:45,SA-43/TEMPERATURE,29.85
2024-10-19 14:34:49,SA-43/TEMPERATURE,29.39
2024-10-19 14:34:51,SA-43/TEMPERATURE,29.85
2024-10-19 14:35:03,SA-43/TEMPERATURE,29.39
2024-10-19 14:35:05,SA-43/TEMPERATURE,29.85
2024-10-19 14:35:37,SA-43/TEMPERATURE,29.39
2024-10-19 14:35:39,SA-43/TEMPERATURE,29.85
2024-10-19 14:35:43,SA-43/TEMPERATURE,29.39
2024-10-19 14:35:49,SA-43/TEMPERATURE,28.92
2024-10-19 14:35:51,SA-43/TEMPERATURE,29.39
2024-10-19 14:35:53,SA-43/TEMPERATURE,29.85
2024-10-19 14:35:59,SA-43/TEMPERATURE,28.92
2024-10-19 14:36:01,SA-43/TEMPERATURE,29.39
2024-10-19 14:36:03,SA-43/TEMPERATURE,29.85
2024-10-19 14:36:05,SA-43/TEMPERATURE,29.39
2024-10-19 14:36:07,SA-43/TEMPERATURE,29.85
2024-10-19 14:36:09,SA-43/TEMPERATURE,28.92
2024-10-19 14:36:11,SA-43/TEMPERATURE,29.85
2024-10-19 14:36:13,SA-43/TEMPERATURE,29.39
2024-10-19 14:36:17,SA-43/TEMPERATURE,29.85
2024-10-19 14:36:21,SA-43/TEMPERATURE,28.92
2024-10-19 14:36:23,SA-43/TEMPERATURE,29.85
2024-10-19 14:36:29,SA-43/TEMPERATURE,29.39
2024-10-19 14:36:31,SA-43/TEMPERATURE,29.85
2024-10-19 14:36:33,SA-43/TEMPERATURE,29.39
2024-10-19 14:36:35,SA-43/TEMPERATURE,29.85
2024-10-19 14:36:45,SA-43/TEMPERATURE,29.39
2024-10-19 14:36:47,SA-43/TEMPERATURE,29.85
2024-10-19 14:36:53,SA-43/TEMPERATURE,29.39
2024-10-19 14:36:57,SA-43/TEMPERATURE,29.85
2024-10-19 14:37:11,SA-43/TEMPERATURE,29.39
2024-10-19 14:37:13,SA-43/TEMPERATURE,29.85
2024-10-19 14:37:23,SA-43/TEMPERATURE,28.92
2024-10-19 14:37:25,SA-43/TEMPERATURE,29.39
2024-10-19 14:37:27,SA-43/TEMPERATURE,29.85
2024-10-19 14:37:31,SA-43/TEMPERATURE,29.39
2024-10-19 14:37:33,SA-43/TEMPERATURE,29.85
2024-10-19 14:37:35,SA-43/TEMPERATURE,28.92
2024-10-19 14:37:37,SA-43/TEMPERATURE,29.85
2024-10-19 14:37:41,SA-43/TEMPERATURE,29.39
2024-10-19 14:37:43,SA-43/TEMPERATURE,29.85
2024-10-19 14:37:53,SA-43/TEMPERATURE,29.39
2024-10-19 14:37:55,SA-43/TEMPERATURE,29.85
2024-10-19 14:37:59,SA-43/TEMPERATURE,29.39
2024-10-19 14:38:03,SA-43/TEMPERATURE,29.85
2024-10-19 14:38:13,SA-43/TEMPERATURE,28.92
2024-10-19 14:38:15,SA-43/TEMPERATURE,29.85
2024-10-19 14:38:17,SA-43/TEMPERATURE,29.39
2024-10-19 14:38:21,SA-43/TEMPERATURE,29.85
2024-10-19 14:38:45,SA-43/TEMPERATURE,28.92
2024-10-19 14:38:47,SA-43/TEMPERATURE,29.85
2024-10-19 14:39:01,SA-43/TEMPERATURE,29.39
2024-10-19 14:39:03,SA-43/TEMPERATURE,29.85
2024-10-19 14:39:09,SA-43/TEMPERATURE,29.39
2024-10-19 14:39:11,SA-43/TEMPERATURE,28.92
2024-10-19 14:39:13,SA-43/TEMPERATURE,29.85
2024-10-19 14:39:27,SA-43/TEMPERATURE,29.39
2024-10-19 14:39:31,SA-43/TEMPERATURE,29.85
2024-10-19 14:39:37,SA-43/TEMPERATURE,29.39
2024-10-19 14:39:39,SA-43/TEMPERATURE,29.85
2024-10-19 14:40:07,SA-43/TEMPERATURE,29.39
2024-10-19 14:40:09,SA-43/TEMPERATURE,29.85
2024-10-19 14:40:27,SA-43/TEMPERATURE,29.39
2024-10-19 14:40:29,SA-43/TEMPERATURE,29.85
2024-10-19 14:40:41,SA-43/TEMPERATURE,29.39
2024-10-19 14:40:43,SA-43/TEMPERATURE,29.85
2024-10-19 14:40:53,SA-43/TEMPERATURE,29.39
2024-10-19 14:40:57,SA-43/TEMPERATURE,29.85
2024-10-19 14:43:25,SA-43/TEMPERATURE,30.32
2024-10-19 14:43:27,SA-43/TEMPERATURE,29.85
2024-10-19 14:45:35,SA-43/TEMPERATURE,29.39
2024-10-19 14:45:37,SA-43/TEMPERATURE,29.85
2024-10-19 14:47:10,SA-43/TEMPERATURE,30.32
2024-10-19 14:47:11,SA-43/TEMPERATURE,29.85
2024-10-19 14:47:19,SA-43/TEMPERATURE,30.32
2024-10-19 14:47:19,SA-43/TEMPERATURE,29.85
2024-10-19 14:48:21,SA-43/TEMPERATURE,29.39
2024-10-19 14:48:23,SA-43/TEMPERATURE,29.85
2024-10-19 14:48:25,SA-43/TEMPERATURE,29.39
2024-10-19 14:48:27,SA-43/TEMPERATURE,29.85
2024-10-19 14:49:31,SA-43/TEMPERATURE,29.39
2024-10-19 14:49:33,SA-43/TEMPERATURE,29.85
2024-10-19 14:49:43,SA-43/TEMPERATURE,29.39
2024-10-19 14:49:45,SA-43/TEMPERATURE,29.85
2024-10-19 14:49:53,SA-43/TEMPERATURE,28.92
2024-10-19 14:49:55,SA-43/TEMPERATURE,29.85
2024-10-19 14:50:01,SA-43/TEMPERATURE,29.39
2024-10-19 14:50:03,SA-43/TEMPERATURE,29.85
2024-10-19 14:50:23,SA-43/TEMPERATURE,28.92
2024-10-19 14:50:25,SA-43/TEMPERATURE,29.85
2024-10-19 14:50:37,SA-43/TEMPERATURE,29.39
2024-10-19 14:50:39,SA-43/TEMPERATURE,29.85
2024-10-19 14:50:45,SA-43/TEMPERATURE,29.39
2024-10-19 14:50:47,SA-43/TEMPERATURE,29.85
2024-10-19 14:50:49,SA-43/TEMPERATURE,29.39
2024-10-19 14:50:51,SA-43/TEMPERATURE,29.85
2024-10-19 14:50:53,SA-43/TEMPERATURE,29.39
2024-10-19 14:50:55,SA-43/TEMPERATURE,29.85
2024-10-19 14:51:21,SA-43/TEMPERATURE,29.39
2024-10-19 14:51:25,SA-43/TEMPERATURE,29.85
2024-10-19 14:51:31,SA-43/TEMPERATURE,29.39
2024-10-19 14:51:33,SA-43/TEMPERATURE,29.85
2024-10-19 14:51:35,SA-43/TEMPERATURE,29.39
2024-10-19 14:51:37,SA-43/TEMPERATURE,29.85
2024-10-19 14:51:45,SA-43/TEMPERATURE,29.39
2024-10-19 14:51:47,SA-43/TEMPERATURE,29.85
2024-10-19 14:52:07,SA-43/TEMPERATURE,29.39
2024-10-19 14:52:09,SA-43/TEMPERATURE,29.85
2024-10-19 14:52:15,SA-43/TEMPERATURE,29.39
2024-10-19 14:52:17,SA-43/TEMPERATURE,29.85
2024-10-19 14:52:35,SA-43/TEMPERATURE,29.39
2024-10-19 14:52:39,SA-43/TEMPERATURE,29.85
2024-10-19 14:52:49,SA-43/TEMPERATURE,29.39
2024-10-19 14:52:51,SA-43/TEMPERATURE,29.85
2024-10-19 14:52:53,SA-43/TEMPERATURE,29.39
2024-10-19 14:52:55,SA-43/TEMPERATURE,29.85
2024-10-19 14:53:05,SA-43/TEMPERATURE,29.39
2024-10-19 14:53:07,SA-43/TEMPERATURE,29.85
2024-10-19 14:53:13,SA-43/TEMPERATURE,29.39
2024-10-19 14:53:15,SA-43/TEMPERATURE,29.85
2024-10-19 14:53:17,SA-43/TEMPERATURE,29.39
2024-10-19 14:53:19,SA-43/TEMPERATURE,29.85
2024-10-19 14:53:21,SA-43/TEMPERATURE,29.39
2024-10-19 14:53:23,SA-43/TEMPERATURE,29.85
2024-10-19 14:53:47,SA-43/TEMPERATURE,29.39
2024-10-19 14:53:49,SA-43/TEMPERATURE,29.85
2024-10-19 14:53:55,SA-43/TEMPERATURE,29.39
2024-10-19 14:53:57,SA-43/TEMPERATURE,29.85
2024-10-19 14:54:53,SA-43/TEMPERATURE,29.39
2024-10-19 14:54:55,SA-43/TEMPERATURE,29.85
2024-10-19 14:56:46,SA-43/LED_LEVEL,2
2024-10-19 14:56:46,SA-43/TEMPERATURE,29.85
2024-10-19 14:58:09,SA-43/TEMPERATURE,30.32
2024-10-19 14:58:11,SA-43/TEMPERATURE,29.85
2024-10-19 14:58:31,SA-43/TEMPERATURE,29.39
2024-10-19 14:58:33,SA-43/TEMPERATURE,29.85
2024-10-19 14:58:39,SA-43/TEMPERATURE,30.32
2024-10-19 14:58:41,SA-43/TEMPERATURE,29.85
2024-10-19 14:59:35,SA-43/TEMPERATURE,29.85
2024-10-19 14:59:35,SA-43/LED_LEVEL,2
2024-10-19 14:59:46,SA-43/LED_LEVEL,1
2024-10-19 14:59:46,SA-43/LED_LEVEL,0
2024-10-19 14:59:47,SA-43/LED_LEVEL,2
2024-10-19 15:00:17,SA-43/TEMPERATURE,30.32
2024-10-19 15:00:19,SA-43/TEMPERATURE,29.85
2024-10-19 15:01:03,SA-43/TEMPERATURE,30.32
2024-10-19 15:01:05,SA-43/TEMPERATURE,29.85
2024-10-19 15:01:17,SA-43/TEMPERATURE,29.85
2024-10-19 15:01:17,SA-43/LED_LEVEL,2
2024-10-19 15:01:21,SA-43/TEMPERATURE,30.32
2024-10-19 15:01:23,SA-43/TEMPERATURE,29.85
2024-10-19 15:01:47,SA-43/TEMPERATURE,30.32
2024-10-19 15:01:49,SA-43/TEMPERATURE,29.85
2024-10-19 15:02:13,SA-43/TEMPERATURE,30.32
2024-10-19 15:02:15,SA-43/TEMPERATURE,29.85
2024-10-19 15:02:29,SA-43/TEMPERATURE,30.32
2024-10-19 15:02:31,SA-43/TEMPERATURE,29.85
2024-10-19 15:02:47,SA-43/TEMPERATURE,30.32
2024-10-19 15:02:49,SA-43/TEMPERATURE,29.85
2024-10-19 15:02:55,SA-43/TEMPERATURE,30.32
2024-10-19 15:02:57,SA-43/TEMPERATURE,29.85
2024-10-19 15:03:11,SA-43/LED_LEVEL,2
2024-10-19 15:03:12,SA-43/TEMPERATURE,29.85
2024-10-19 15:03:12,SA-43/LINE_LEVEL,1
2024-10-19 15:03:16,SA-43/TEMPERATURE,30.32
2024-10-19 15:03:18,SA-43/TEMPERATURE,29.85
2024-10-19 15:03:32,SA-43/TEMPERATURE,30.32
2024-10-19 15:03:34,SA-43/TEMPERATURE,29.85
2024-10-19 15:03:40,SA-43/TEMPERATURE,30.32
2024-10-19 15:03:42,SA-43/TEMPERATURE,29.85
2024-10-19 15:03:44,SA-43/TEMPERATURE,30.32
2024-10-19 15:03:46,SA-43/TEMPERATURE,29.85
2024-10-19 15:03:58,SA-43/TEMPERATURE,30.32
2024-10-19 15:04:00,SA-43/TEMPERATURE,29.85
2024-10-19 15:04:02,SA-43/TEMPERATURE,30.32
2024-10-19 15:04:04,SA-43/TEMPERATURE,29.85
2024-10-19 15:04:06,SA-43/TEMPERATURE,30.32
2024-10-19 15:04:11,SA-43/TEMPERATURE,29.85
2024-10-19 15:04:14,SA-43/TEMPERATURE,30.32
2024-10-19 15:04:16,SA-43/TEMPERATURE,29.85
2024-10-19 15:04:21,SA-43/TEMPERATURE,30.32
2024-10-19 15:04:23,SA-43/TEMPERATURE,29.85
2024-10-19 15:04:25,SA-43/LINE_LEVEL,0
2024-10-19 15:04:27,SA-43/LINE_LEVEL,1
2024-10-19 15:04:36,SA-43/LED_LEVEL,1
2024-10-19 15:04:36,SA-43/LED_LEVEL,0
2024-10-19 15:04:37,SA-43/LED_LEVEL,1
2024-10-19 15:04:37,SA-43/LED_LEVEL,2
2024-10-19 15:04:38,SA-43/LED_LEVEL,3
2024-10-19 15:04:39,SA-43/TEMPERATURE,30.32
2024-10-19 15:04:41,SA-43/TEMPERATURE,29.85
2024-10-19 15:05:11,SA-43/TEMPERATURE,30.32
2024-10-19 15:05:13,SA-43/TEMPERATURE,29.85
2024-10-19 15:05:23,SA-43/TEMPERATURE,30.32
2024-10-19 15:05:25,SA-43/TEMPERATURE,29.85
2024-10-19 15:05:31,SA-43/TEMPERATURE,30.32
2024-10-19 15:05:33,SA-43/TEMPERATURE,29.85
2024-10-19 15:05:35,SA-43/TEMPERATURE,30.32
2024-10-19 15:05:41,SA-43/TEMPERATURE,29.85
2024-10-19 15:05:45,SA-43/TEMPERATURE,30.32
2024-10-19 15:05:47,SA-43/TEMPERATURE,29.85
2024-10-19 15:05:53,SA-43/TEMPERATURE,30.32
2024-10-19 15:05:55,SA-43/TEMPERATURE,29.85
2024-10-19 15:05:57,SA-43/TEMPERATURE,30.32
2024-10-19 15:05:59,SA-43/TEMPERATURE,29.85
2024-10-19 15:06:01,SA-43/TEMPERATURE,30.32
2024-10-19 15:06:03,SA-43/TEMPERATURE,29.85
2024-10-19 15:06:05,SA-43/TEMPERATURE,30.32
2024-10-19 15:06:07,SA-43/TEMPERATURE,29.85
2024-10-19 15:06:15,SA-43/TEMPERATURE,30.32
2024-10-19 15:06:17,SA-43/TEMPERATURE,29.85
2024-10-19 15:06:23,SA-43/TEMPERATURE,30.32
2024-10-19 15:06:25,SA-43/TEMPERATURE,29.85
2024-10-19 15:07:13,SA-43/TEMPERATURE,30.32
2024-10-19 15:07:15,SA-43/TEMPERATURE,29.85
2024-10-19 15:09:11,SA-43/TEMPERATURE,30.32
2024-10-19 15:09:13,SA-43/TEMPERATURE,29.85
2024-10-19 15:10:13,SA-43/TEMPERATURE,30.32
2024-10-19 15:10:15,SA-43/TEMPERATURE,29.85
2024-10-19 15:10:41,SA-43/TEMPERATURE,30.32
2024-10-19 15:10:43,SA-43/TEMPERATURE,29.85
2024-10-19 15:13:09,SA-43/TEMPERATURE,29.39
2024-10-19 15:13:11,SA-43/TEMPERATURE,29.85
2024-10-19 15:13:27,SA-43/TEMPERATURE,29.39
2024-10-19 15:13:29,SA-43/TEMPERATURE,29.85
2024-10-19 15:15:17,SA-43/TEMPERATURE,30.32
2024-10-19 15:15:19,SA-43/TEMPERATURE,29.85
2024-10-19 15:15:43,SA-43/TEMPERATURE,30.32
2024-10-19 15:15:45,SA-43/TEMPERATURE,29.85
2024-10-19 15:15:47,SA-43/TEMPERATURE,30.32
2024-10-19 15:15:49,SA-43/TEMPERATURE,29.85
2024-10-19 15:16:31,SA-43/TEMPERATURE,30.32
2024-10-19 15:16:33,SA-43/TEMPERATURE,29.85
2024-10-19 15:17:25,SA-43/TEMPERATURE,30.32
2024-10-19 15:17:27,SA-43/TEMPERATURE,29.85
2024-10-19 15:17:33,SA-43/TEMPERATURE,30.32
2024-10-19 15:17:35,SA-43/TEMPERATURE,29.85
2024-10-19 15:18:11,SA-43/TEMPERATURE,30.32
2024-10-19 15:18:13,SA-43/TEMPERATURE,29.85
2024-10-19 15:18:15,SA-43/TEMPERATURE,30.32
2024-10-19 15:18:21,SA-43/TEMPERATURE,29.85
2024-10-19 15:18:33,SA-43/TEMPERATURE,30.32
2024-10-19 15:18:35,SA-43/TEMPERATURE,29.85
2024-10-19 15:18:37,SA-43/TEMPERATURE,30.32
2024-10-19 15:18:39,SA-43/TEMPERATURE,29.85
2024-10-19 15:18:41,SA-43/TEMPERATURE,30.32
2024-10-19 15:18:43,SA-43/TEMPERATURE,29.85
2024-10-19 15:18:45,SA-43/TEMPERATURE,30.32
2024-10-19 15:18:47,SA-43/TEMPERATURE,29.85
2024-10-19 15:18:55,SA-43/TEMPERATURE,30.32
2024-10-19 15:18:57,SA-43/TEMPERATURE,29.85
2024-10-19 15:19:01,SA-43/TEMPERATURE,30.32
2024-10-19 15:19:03,SA-43/TEMPERATURE,29.85
2024-10-19 15:19:05,SA-43/TEMPERATURE,30.32
2024-10-19 15:19:07,SA-43/TEMPERATURE,29.85
2024-10-19 15:19:11,SA-43/TEMPERATURE,30.32
2024-10-19 15:19:13,SA-43/TEMPERATURE,29.85
2024-10-19 15:19:25,SA-43/TEMPERATURE,30.32
2024-10-19 15:19:29,SA-43/TEMPERATURE,29.85
2024-10-19 15:19:31,SA-43/TEMPERATURE,30.32
2024-10-19 15:19:33,SA-43/TEMPERATURE,29.85
2024-10-19 15:19:37,SA-43/TEMPERATURE,30.32
2024-10-19 15:19:39,SA-43/TEMPERATURE,29.85
2024-10-19 15:19:47,SA-43/TEMPERATURE,30.32
2024-10-19 15:19:49,SA-43/TEMPERATURE,29.85
2024-10-19 15:19:51,SA-43/TEMPERATURE,30.32
2024-10-19 15:19:53,SA-43/TEMPERATURE,29.85
2024-10-19 15:19:55,SA-43/TEMPERATURE,30.32
2024-10-19 15:19:59,SA-43/TEMPERATURE,29.85
2024-10-19 15:20:01,SA-43/TEMPERATURE,30.32
2024-10-19 15:20:06,SA-43/TEMPERATURE,29.85
2024-10-19 15:20:11,SA-43/TEMPERATURE,30.32
2024-10-19 15:20:15,SA-43/TEMPERATURE,29.85
2024-10-19 15:20:17,SA-43/TEMPERATURE,30.32
2024-10-19 15:20:19,SA-43/TEMPERATURE,29.85
2024-10-19 15:20:26,SA-43/TEMPERATURE,30.32
2024-10-19 15:20:27,SA-43/TEMPERATURE,29.85
2024-10-19 15:20:35,SA-43/TEMPERATURE,30.32
2024-10-19 15:20:37,SA-43/TEMPERATURE,29.85
2024-10-19 15:20:43,SA-43/TEMPERATURE,30.32
